--
-- PostgreSQL database dump
--


-- Dumped from database version 16.11 (Ubuntu 16.11-0ubuntu0.24.04.1)
-- Dumped by pg_dump version 16.11 (Ubuntu 16.11-0ubuntu0.24.04.1)

SET statement_timeout = 0;
SET lock_timeout = 0;
SET idle_in_transaction_session_timeout = 0;
SET client_encoding = 'UTF8';
SET standard_conforming_strings = on;
SELECT pg_catalog.set_config('search_path', '', false);
SET check_function_bodies = false;
SET xmloption = content;
SET client_min_messages = warning;
SET row_security = off;

--
-- Name: travel; Type: DATABASE; Schema: -; Owner: postgres
--


ALTER DATABASE travel OWNER TO postgres;


SET statement_timeout = 0;
SET lock_timeout = 0;
SET idle_in_transaction_session_timeout = 0;
SET client_encoding = 'UTF8';
SET standard_conforming_strings = on;
SELECT pg_catalog.set_config('search_path', '', false);
SET check_function_bodies = false;
SET xmloption = content;
SET client_min_messages = warning;
SET row_security = off;

SET default_tablespace = '';

SET default_table_access_method = heap;

--
-- Name: countries; Type: TABLE; Schema: public; Owner: postgres
--

CREATE TABLE public.countries (
    id bigint NOT NULL,
    name character varying(255) NOT NULL
);


ALTER TABLE public.countries OWNER TO postgres;

--
-- Name: countries_id_seq; Type: SEQUENCE; Schema: public; Owner: postgres
--

ALTER TABLE public.countries ALTER COLUMN id ADD GENERATED BY DEFAULT AS IDENTITY (
    SEQUENCE NAME public.countries_id_seq
    START WITH 1
    INCREMENT BY 1
    NO MINVALUE
    NO MAXVALUE
    CACHE 1
);


--
-- Name: destination_tags; Type: TABLE; Schema: public; Owner: postgres
--

CREATE TABLE public.destination_tags (
    id bigint NOT NULL,
    destination_id bigint NOT NULL,
    tag_id bigint NOT NULL
);


ALTER TABLE public.destination_tags OWNER TO postgres;

--
-- Name: destination_tags_id_seq; Type: SEQUENCE; Schema: public; Owner: postgres
--

ALTER TABLE public.destination_tags ALTER COLUMN id ADD GENERATED BY DEFAULT AS IDENTITY (
    SEQUENCE NAME public.destination_tags_id_seq
    START WITH 1
    INCREMENT BY 1
    NO MINVALUE
    NO MAXVALUE
    CACHE 1
);


--
-- Name: destinations; Type: TABLE; Schema: public; Owner: postgres
--

CREATE TABLE public.destinations (
    id bigint NOT NULL,
    description character varying(255),
    image_url character varying(255),
    name character varying(255) NOT NULL,
    country_id bigint NOT NULL
);


ALTER TABLE public.destinations OWNER TO postgres;

--
-- Name: destinations_id_seq; Type: SEQUENCE; Schema: public; Owner: postgres
--

ALTER TABLE public.destinations ALTER COLUMN id ADD GENERATED BY DEFAULT AS IDENTITY (
    SEQUENCE NAME public.destinations_id_seq
    START WITH 1
    INCREMENT BY 1
    NO MINVALUE
    NO MAXVALUE
    CACHE 1
);


--
-- Name: tags; Type: TABLE; Schema: public; Owner: postgres
--

CREATE TABLE public.tags (
    id bigint NOT NULL,
    name character varying(255) NOT NULL
);


ALTER TABLE public.tags OWNER TO postgres;

--
-- Name: tags_id_seq; Type: SEQUENCE; Schema: public; Owner: postgres
--

ALTER TABLE public.tags ALTER COLUMN id ADD GENERATED BY DEFAULT AS IDENTITY (
    SEQUENCE NAME public.tags_id_seq
    START WITH 1
    INCREMENT BY 1
    NO MINVALUE
    NO MAXVALUE
    CACHE 1
);


--
-- Name: users; Type: TABLE; Schema: public; Owner: postgres
--

CREATE TABLE public.users (
    id bigint NOT NULL,
    email character varying(255) NOT NULL,
    password character varying(255) NOT NULL,
    role character varying(255),
    status character varying(255),
    username character varying(255) NOT NULL,
    first_name character varying(255),
    last_name character varying(255),
    CONSTRAINT users_role_check CHECK (((role)::text = ANY ((ARRAY['ADMIN'::character varying, 'USER'::character varying])::text[]))),
    CONSTRAINT users_status_check CHECK (((status)::text = ANY ((ARRAY['ACTIVE'::character varying, 'DISABLED'::character varying])::text[])))
);


ALTER TABLE public.users OWNER TO postgres;

--
-- Name: users_id_seq; Type: SEQUENCE; Schema: public; Owner: postgres
--

ALTER TABLE public.users ALTER COLUMN id ADD GENERATED BY DEFAULT AS IDENTITY (
    SEQUENCE NAME public.users_id_seq
    START WITH 1
    INCREMENT BY 1
    NO MINVALUE
    NO MAXVALUE
    CACHE 1
);


--
-- Name: wishlists; Type: TABLE; Schema: public; Owner: postgres
--

CREATE TABLE public.wishlists (
    id bigint NOT NULL,
    destination_id bigint NOT NULL,
    user_id bigint NOT NULL
);


ALTER TABLE public.wishlists OWNER TO postgres;

--
-- Name: wishlists_id_seq; Type: SEQUENCE; Schema: public; Owner: postgres
--

ALTER TABLE public.wishlists ALTER COLUMN id ADD GENERATED BY DEFAULT AS IDENTITY (
    SEQUENCE NAME public.wishlists_id_seq
    START WITH 1
    INCREMENT BY 1
    NO MINVALUE
    NO MAXVALUE
    CACHE 1
);


--
-- Data for Name: countries; Type: TABLE DATA; Schema: public; Owner: postgres
--

COPY public.countries (id, name) FROM stdin;
1	Afghanistan
2	Albania
3	Algeria
4	Andorra
5	Angola
6	Antigua and Barbuda
7	Argentina
8	Armenia
9	Australia
10	Austria
11	Azerbaijan
12	Bahamas
13	Bahrain
14	Bangladesh
15	Barbados
16	Belarus
17	Belgium
18	Belize
19	Benin
20	Bhutan
21	Bolivia
22	Bosnia and Herzegovina
23	Botswana
24	Brazil
25	Brunei
26	Bulgaria
27	Burkina Faso
28	Burundi
29	Cambodia
30	Cameroon
31	Canada
32	Cape Verde
33	Central African Republic
34	Chad
35	Chile
36	China
37	Colombia
38	Comoros
39	Congo
40	Costa Rica
41	Croatia
42	Cuba
43	Cyprus
44	Czech Republic
45	Denmark
46	Djibouti
47	Dominica
48	Dominican Republic
49	East Timor
50	Ecuador
51	Egypt
52	El Salvador
53	Equatorial Guinea
54	Eritrea
55	Estonia
56	Eswatini
57	Ethiopia
58	Fiji
59	Finland
60	France
61	Gabon
62	Gambia
63	Georgia
64	Germany
65	Ghana
66	Greece
67	Grenada
68	Guatemala
69	Guinea
70	Guinea-Bissau
71	Guyana
72	Haiti
73	Honduras
74	Hungary
75	Iceland
76	India
77	Indonesia
78	Iran
79	Iraq
80	Ireland
81	Israel
82	Italy
83	Ivory Coast
84	Jamaica
85	Japan
86	Jordan
87	Kazakhstan
88	Kenya
89	Kiribati
90	Kuwait
91	Kyrgyzstan
92	Laos
93	Latvia
94	Lebanon
95	Lesotho
96	Liberia
97	Libya
98	Liechtenstein
99	Lithuania
100	Luxembourg
101	Madagascar
102	Malawi
103	Malaysia
104	Maldives
105	Mali
106	Malta
107	Marshall Islands
108	Mauritania
109	Mauritius
110	Mexico
111	Micronesia
112	Moldova
113	Monaco
114	Mongolia
115	Montenegro
116	Morocco
117	Mozambique
118	Myanmar
119	Namibia
120	Nauru
121	Nepal
122	Netherlands
123	New Zealand
124	Nicaragua
125	Niger
126	Nigeria
127	North Korea
128	North Macedonia
129	Norway
130	Oman
131	Pakistan
132	Palau
133	Panama
134	Papua New Guinea
135	Paraguay
136	Peru
137	Philippines
138	Poland
139	Portugal
140	Qatar
141	Romania
142	Russia
143	Rwanda
144	Saint Kitts and Nevis
145	Saint Lucia
146	Saint Vincent and the Grenadines
147	Samoa
148	San Marino
149	Sao Tome and Principe
150	Saudi Arabia
151	Senegal
152	Serbia
153	Seychelles
154	Sierra Leone
155	Singapore
156	Slovakia
157	Slovenia
158	Solomon Islands
159	Somalia
160	South Africa
161	South Sudan
162	Spain
163	Sri Lanka
164	Sudan
165	Suriname
166	Sweden
167	Switzerland
168	Syria
169	Taiwan
170	Tajikistan
171	Tanzania
172	Thailand
173	Togo
174	Tonga
175	Trinidad and Tobago
176	Tunisia
177	Turkey
178	Turkmenistan
179	Tuvalu
180	Uganda
181	Ukraine
182	United Arab Emirates
183	United Kingdom
184	United States
185	Uruguay
186	Uzbekistan
187	Vanuatu
188	Vatican City
189	Venezuela
190	Vietnam
191	Yemen
192	Zambia
193	Zimbabwe
194	Palestine
195	Other
\.


--
-- Data for Name: destination_tags; Type: TABLE DATA; Schema: public; Owner: postgres
--

COPY public.destination_tags (id, destination_id, tag_id) FROM stdin;
144	23	11
145	23	13
146	23	5
147	23	6
148	17	11
149	17	22
150	17	4
151	28	11
152	28	13
153	28	5
154	7	15
155	7	2
156	7	10
157	16	13
158	16	5
159	16	10
160	8	11
161	8	22
162	8	4
163	8	6
164	24	11
165	24	4
166	24	6
167	22	3
215	11	11
216	11	4
217	11	6
218	26	21
219	26	11
220	26	4
221	26	6
168	22	11
169	22	13
170	22	6
171	3	21
172	3	11
173	3	5
174	3	10
175	12	13
176	12	5
177	12	10
178	19	11
179	19	15
180	19	4
181	19	2
182	27	11
183	27	13
184	27	5
185	4	2
186	15	11
187	15	22
188	15	4
189	20	3
190	20	18
191	20	5
192	20	6
193	2	11
194	2	13
195	2	22
196	2	4
197	21	11
198	21	5
199	21	10
200	30	21
201	30	11
202	30	13
203	30	10
204	10	11
107	1	1
205	10	2
206	10	10
207	10	17
208	13	3
209	13	5
210	13	6
211	5	21
212	5	11
213	5	13
214	5	10
126	14	21
127	14	11
128	14	5
129	14	6
130	18	11
131	18	22
132	18	4
133	9	11
134	9	13
135	9	5
136	6	3
137	6	11
138	6	5
139	6	6
140	6	10
141	25	21
142	25	11
143	25	5



--
-- Data for Name: destinations; Type: TABLE DATA; Schema: public; Owner: postgres
--

COPY public.destinations (id, description, image_url, name, country_id) FROM stdin;
22	Portugal’s capital, known for historic districts, riverside, and food.	./images/lisbon.jpeg	Lisbon	139
3	The vibrant capital of the UK, known for Big Ben, Buckingham Palace, and theaters.	./images/london.jpeg	London	183
12	The entertainment capital of the world with Hollywood and beaches.	./images/los-angeles.jpeg	Los Angeles	184
19	Vibrant Moroccan city known for markets, palaces, and deserts.	./images/marrakech.jpeg	Marrakech	116
4	The bustling city of the USA, famous for Times Square, Central Park, and skyscrapers.	./images/new-york.jpeg	New York City	184
15	The Czech capital, known for historic Old Town, Charles Bridge, and castles.	./images/prague.jpeg	Prague	44
20	Famous for Carnival, beaches, and Christ the Redeemer statue.	./images/rio-de-janeiro.jpeg	Rio de Janeiro	24
2	The eternal city, famous for the Colosseum, Vatican, and rich history.	./images/rome.jpeg	Rome	82
21	Known for Golden Gate Bridge, tech hubs, and iconic neighborhoods.	./images/san-francisco.jpeg	San Francisco	184
10	A city-state known for its cleanliness, skyline, and Marina Bay.	./images/singapore.jpeg	Singapore	155
13	Famous for its Opera House, Harbour Bridge, and beaches.	./images/sydney.jpeg	Sydney	9
5	Japan’s capital, blending modern skyscrapers with traditional temples.	./images/tokyo.jpeg	Tokyo	85
11	The floating city of Italy, famous for canals, gondolas, and art.	./images/venice.jpeg	Venice	82
1	The romantic capital of France, known for the Eiffel Tower and art museums.	./images/paris.jpg	Paris	60
14	The capital of Netherlands, famous for canals, museums, and nightlife.	./images/amsterdam.jpeg	Amsterdam	122
18	The cradle of Western civilization, with ancient ruins and Acropolis.	./images/athens.jpeg	Athens	66
9	Thailand’s capital, famous for street life, temples, and nightlife.	./images/bangkok.jpeg	Bangkok	172
6	Catalonia’s capital, famous for Gaudi’s architecture and Mediterranean beaches.	./images/barcelona.jpeg	Barcelona	162
23	Capital of Argentina, known for tango, cuisine, and vibrant neighborhoods.	./images/buenos-aires.jpeg	Buenos Aires	7
17	Egypt’s capital, famous for pyramids, Sphinx, and Nile river.	./images/cairo.jpeg	Cairo	51
7	A luxury travel hub in the Middle East, famous for skyscrapers and shopping.	./images/dubai.jpeg	Dubai	182
16	Major global financial hub and tourist destination.	./images/hong-kong.jpeg	Hong Kong	195
8	Straddling Europe and Asia, known for historic mosques and bazaars.	./images/istanbul.jpeg	Istanbul	177
24	Historic Japanese city, famous for temples, shrines, and traditional culture.	./images/kyoto.jpeg	Kyoto	85
27	Canadian city known for culture, festivals, and French influence.	./images/montreal.jpeg	Montreal	31
30	Popular Asian megacity combining tradition and skyscrapers.	./images/shanghai.jpeg	Shanghai	195
26	Austrian capital, known for classical music, palaces, and coffee culture.	./images/vienna.jpeg	Vienna	10
25	Germany’s capital, famous for history, nightlife, and cultural landmarks.	./images/berlin.jpeg	Berlin	64
28	Another iconic hub in the USA with shopping, theater, and skyline.	./images/chicago.jpeg	Chicago	184
\.


--
-- Data for Name: tags; Type: TABLE DATA; Schema: public; Owner: postgres
--

COPY public.tags (id, name) FROM stdin;
2	luxury
3	beach
5	nightlife
6	romantic
7	adventure
8	family_friendly
9	nature
10	shopping
11	cultural
12	mountains
13	foodie
14	ski
15	desert
16	island
17	wellness
18	festival
19	romantic_getaway
20	eco_friendly
21	art_scene
22	historic_architecture
23	water_sports
24	wildlife
25	hiking
26	offbeat
27	photography
1	cheap
4	historical
\.


--
-- Data for Name: users; Type: TABLE DATA; Schema: public; Owner: postgres
--

COPY public.users (id, email, password, role, status, username, first_name, last_name) FROM stdin;
2	b@gmail.com	$2a$10$Sax.ubgAxXTiS2VR2ADjlOmnIahtsWCJtT8sRGUn50rIsPfGeZZfK	USER	ACTIVE	Bob	\N	\N
1	a@gmail.com	$2a$10$AEbU90g0hE7A4lETxpVyXuHQiY4zhpQBZ.buxRYepUGju8s1tuCma	ADMIN	ACTIVE	admin	\N	\N
3	alice@gmail.com	$2a$10$o8XKzWkjaMqQP2FgO/TwW.gaFigpkmkPjStdUxLIfxjPKVfsdfNlS	USER	ACTIVE	Alice	\N	\N
4	n@gmail.com	$2a$10$IqWFKa8GHJdGzFYjhJv37uUMI2xS9kCd1F6ohv2sQOKGyRE9WmnjO	USER	ACTIVE	aaa	aaa	aaa
5	navid@gmail.com	$2a$10$4bVcasqFyvMSF11P0.Cd9.doGm8x12x7EGbNW4krOOsflmrplIcYe	USER	ACTIVE	navid	Navid	Vafaei
6	c@gmail.com	$2a$10$qW5uDz.ZJlUv9hjz74o7jO0tKcqj00ot7wVeTxZU/5SYTF60Q8EAG	USER	ACTIVE	ccc	ccc	ccc
7	f@gmail.com	$2a$10$sENx0lv9GBWcLJHlkUqNIO24BL7D0rubDzyk07FkNhoHgAj/4iyq.	USER	ACTIVE	fff	fff	fff
8	g@gmail.com	$2a$10$miZ8GsxFx6pUGC3AJ7eZXeGSOY0XFAKOzxwTC0xAjkELUH7Y4Lfw6	ADMIN	ACTIVE	ggg		
9	d@gmail.com	$2a$10$E4Fkov3eJayPCe1WDYFQ9eIWN30fZ/ABvxl.kesvmucR637mU6CCC	USER	ACTIVE	Jordge	Jordge	dd
\.


--
-- Data for Name: wishlists; Type: TABLE DATA; Schema: public; Owner: postgres
--

COPY public.wishlists (id, destination_id, user_id) FROM stdin;
12	1	2
13	2	3
15	15	2
16	22	2
17	24	3
18	28	3
19	6	3
\.


--
-- Name: countries_id_seq; Type: SEQUENCE SET; Schema: public; Owner: postgres
--

SELECT pg_catalog.setval('public.countries_id_seq', 3, true);


--
-- Name: destination_tags_id_seq; Type: SEQUENCE SET; Schema: public; Owner: postgres
--

SELECT pg_catalog.setval('public.destination_tags_id_seq', 221, true);


--
-- Name: destinations_id_seq; Type: SEQUENCE SET; Schema: public; Owner: postgres
--

SELECT pg_catalog.setval('public.destinations_id_seq', 123, true);


--
-- Name: tags_id_seq; Type: SEQUENCE SET; Schema: public; Owner: postgres
--

SELECT pg_catalog.setval('public.tags_id_seq', 124, true);


--
-- Name: users_id_seq; Type: SEQUENCE SET; Schema: public; Owner: postgres
--

SELECT pg_catalog.setval('public.users_id_seq', 9, true);


--
-- Name: wishlists_id_seq; Type: SEQUENCE SET; Schema: public; Owner: postgres
--

SELECT pg_catalog.setval('public.wishlists_id_seq', 19, true);


--
-- Name: countries countries_pkey; Type: CONSTRAINT; Schema: public; Owner: postgres
--

ALTER TABLE ONLY public.countries
    ADD CONSTRAINT countries_pkey PRIMARY KEY (id);


--
-- Name: destination_tags destination_tags_pkey; Type: CONSTRAINT; Schema: public; Owner: postgres
--

ALTER TABLE ONLY public.destination_tags
    ADD CONSTRAINT destination_tags_pkey PRIMARY KEY (id);


--
-- Name: destinations destinations_pkey; Type: CONSTRAINT; Schema: public; Owner: postgres
--

ALTER TABLE ONLY public.destinations
    ADD CONSTRAINT destinations_pkey PRIMARY KEY (id);


--
-- Name: tags tags_pkey; Type: CONSTRAINT; Schema: public; Owner: postgres
--

ALTER TABLE ONLY public.tags
    ADD CONSTRAINT tags_pkey PRIMARY KEY (id);


--
-- Name: countries uk1pyiwrqimi3hnl3vtgsypj5r; Type: CONSTRAINT; Schema: public; Owner: postgres
--

ALTER TABLE ONLY public.countries
    ADD CONSTRAINT uk1pyiwrqimi3hnl3vtgsypj5r UNIQUE (name);


--
-- Name: users uk6dotkott2kjsp8vw4d0m25fb7; Type: CONSTRAINT; Schema: public; Owner: postgres
--

ALTER TABLE ONLY public.users
    ADD CONSTRAINT uk6dotkott2kjsp8vw4d0m25fb7 UNIQUE (email);


--
-- Name: users ukr43af9ap4edm43mmtq01oddj6; Type: CONSTRAINT; Schema: public; Owner: postgres
--

ALTER TABLE ONLY public.users
    ADD CONSTRAINT ukr43af9ap4edm43mmtq01oddj6 UNIQUE (username);


--
-- Name: tags ukt48xdq560gs3gap9g7jg36kgc; Type: CONSTRAINT; Schema: public; Owner: postgres
--

ALTER TABLE ONLY public.tags
    ADD CONSTRAINT ukt48xdq560gs3gap9g7jg36kgc UNIQUE (name);


--
-- Name: users users_pkey; Type: CONSTRAINT; Schema: public; Owner: postgres
--

ALTER TABLE ONLY public.users
    ADD CONSTRAINT users_pkey PRIMARY KEY (id);


--
-- Name: wishlists wishlists_pkey; Type: CONSTRAINT; Schema: public; Owner: postgres
--

ALTER TABLE ONLY public.wishlists
    ADD CONSTRAINT wishlists_pkey PRIMARY KEY (id);


--
-- Name: wishlists fk2nwefmx7mrgt26bpbcat6ijva; Type: FK CONSTRAINT; Schema: public; Owner: postgres
--

ALTER TABLE ONLY public.wishlists
    ADD CONSTRAINT fk2nwefmx7mrgt26bpbcat6ijva FOREIGN KEY (destination_id) REFERENCES public.destinations(id);


--
-- Name: wishlists fk330pyw2el06fn5g28ypyljt16; Type: FK CONSTRAINT; Schema: public; Owner: postgres
--

ALTER TABLE ONLY public.wishlists
    ADD CONSTRAINT fk330pyw2el06fn5g28ypyljt16 FOREIGN KEY (user_id) REFERENCES public.users(id);


--
-- Name: destination_tags fk3lqasx400cbcgaq9rwmja8a1x; Type: FK CONSTRAINT; Schema: public; Owner: postgres
--

ALTER TABLE ONLY public.destination_tags
    ADD CONSTRAINT fk3lqasx400cbcgaq9rwmja8a1x FOREIGN KEY (destination_id) REFERENCES public.destinations(id);


--
-- Name: destination_tags fk5qajl0nl6fbs5fixmt6ayfuwr; Type: FK CONSTRAINT; Schema: public; Owner: postgres
--

ALTER TABLE ONLY public.destination_tags
    ADD CONSTRAINT fk5qajl0nl6fbs5fixmt6ayfuwr FOREIGN KEY (tag_id) REFERENCES public.tags(id);


--
-- Name: destinations fkekpb47cct7wijcnqpb7fjhxma; Type: FK CONSTRAINT; Schema: public; Owner: postgres
--

ALTER TABLE ONLY public.destinations
    ADD CONSTRAINT fkekpb47cct7wijcnqpb7fjhxma FOREIGN KEY (country_id) REFERENCES public.countries(id);


--
-- PostgreSQL database dump complete
--

\unrestrict 8UYJuweoWuKO3Q5cYf6GpWbaeEaUnR9wJKYCyxAYscAlo18mchVM8hA56ORBSgH

